{
  "aggregated": {
    "num_runs": 20,
    "input_name": "single_camera_224",
    "encode": {
      "median_ms": 11.735680103302002,
      "mean_ms": 12.63599672317505,
      "std_ms": 3.80179101450614,
      "cv": 0.3008698955685439,
      "p10_ms": 11.71918363571167,
      "p90_ms": 12.152537727355957,
      "p99_ms": 25.647276391983013,
      "min_ms": 11.6878080368042,
      "max_ms": 28.774688720703125,
      "all_ms": [
        11.73196792602539, 11.739392280578613, 11.775936126708984,
        11.728896141052246, 11.76863956451416, 11.760704040527344,
        11.751487731933594, 28.774688720703125, 11.7260160446167,
        11.727999687194824, 11.74630355834961, 11.708383560180664,
        11.723039627075195, 11.721599578857422, 11.6878080368042,
        11.720383644104004, 12.314623832702637, 11.753664016723633,
        11.723872184753418, 12.134528160095215
      ]
    },
    "context": {
      "median_ms": 30.290271759033203,
      "mean_ms": 31.6967472076416,
      "std_ms": 5.108734449630244,
      "cv": 0.16117535393027985,
      "p10_ms": 30.181865310668947,
      "p90_ms": 31.200461387634284,
      "p99_ms": 49.520093498229954,
      "min_ms": 30.126304626464844,
      "max_ms": 52.965118408203125,
      "all_ms": [
        30.221311569213867, 30.126304626464844, 34.83340835571289,
        30.390239715576172, 30.259008407592773, 30.276351928710938,
        30.18239974975586, 52.965118408203125, 30.35750389099121,
        30.37388801574707, 30.25372886657715, 30.17705535888672,
        30.30419158935547, 30.220287322998047, 30.273536682128906,
        30.21721649169922, 30.780479431152344, 30.538848876953125,
        30.387264251708984, 30.79680061340332
      ]
    },
    "action": {
      "median_ms": 183.0334701538086,
      "mean_ms": 184.14216156005858,
      "std_ms": 2.934933256943374,
      "cv": 0.01593840993327395,
      "p10_ms": 182.36814880371094,
      "p90_ms": 187.90339050292968,
      "p99_ms": 192.5522456359863,
      "min_ms": 181.96287536621094,
      "max_ms": 193.2678680419922,
      "all_ms": [
        183.14022827148438, 186.819580078125, 183.04322814941406,
        187.725830078125, 182.64883422851562, 183.2069091796875,
        182.79014587402344, 193.2678680419922, 182.598876953125,
        182.40943908691406, 181.96287536621094, 182.40921020507812,
        182.5576934814453, 182.56793212890625, 181.99859619140625,
        189.50143432617188, 183.66053771972656, 183.02371215820312,
        183.8028106689453, 183.70748901367188
      ]
    }
  },
  "single_run": {
    "encode": { "elapsed_ms": 12.134528160095215 },
    "context": { "elapsed_ms": 30.79680061340332 },
    "action": { "elapsed_ms": 183.70748901367188 },
    "total_ms": 226.6388177871704
  }
}
