{
  "aggregated": {
    "num_runs": 20,
    "input_name": "k1",
    "encode": {
      "median_ms": 7.757391929626465,
      "mean_ms": 7.8188143491745,
      "std_ms": 0.21277492083976723,
      "cv": 0.02721319516458806,
      "p10_ms": 7.734099292755127,
      "p90_ms": 7.831318426132203,
      "p99_ms": 8.552694978713989,
      "min_ms": 7.7066240310668945,
      "max_ms": 8.664031982421875,
      "all_ms": [
        7.752831935882568,
        7.777279853820801,
        7.745535850524902,
        7.745535850524902,
        7.761951923370361,
        8.078047752380371,
        7.781375885009766,
        7.741471767425537,
        7.75167989730835,
        7.803904056549072,
        7.725056171417236,
        7.7873921394348145,
        7.742464065551758,
        7.735104084014893,
        7.7066240310668945,
        7.787519931793213,
        7.739136219024658,
        8.664031982421875,
        7.776159763336182,
        7.773183822631836
      ]
    },
    "context": {
      "median_ms": 1.8826240301132202,
      "mean_ms": 1.8853055894374848,
      "std_ms": 0.01547998297832036,
      "cv": 0.008210861446042333,
      "p10_ms": 1.8679391503334046,
      "p90_ms": 1.9032352089881897,
      "p99_ms": 1.9188706851005555,
      "min_ms": 1.8583359718322754,
      "max_ms": 1.921247959136963,
      "all_ms": [
        1.8852479457855225,
        1.878783941268921,
        1.861631989479065,
        1.8995200395584106,
        1.9026240110397339,
        1.8889919519424438,
        1.908735990524292,
        1.8954240083694458,
        1.8769919872283936,
        1.8800640106201172,
        1.8831360340118408,
        1.8853440284729004,
        1.8728959560394287,
        1.8974720239639282,
        1.8821120262145996,
        1.8686399459838867,
        1.8583359718322754,
        1.921247959136963,
        1.8780159950256348,
        1.880895972251892
      ]
    },
    "action": {
      "median_ms": 7.1095359325408936,
      "mean_ms": 7.122817611694336,
      "std_ms": 0.047195772916411985,
      "cv": 0.006625997672455538,
      "p10_ms": 7.067366361618042,
      "p90_ms": 7.183462285995484,
      "p99_ms": 7.220142073631287,
      "min_ms": 7.048160076141357,
      "max_ms": 7.226367950439453,
      "all_ms": [
        7.132224082946777,
        7.158783912658691,
        7.160831928253174,
        7.099391937255859,
        7.097439765930176,
        7.193600177764893,
        7.048160076141357,
        7.075104236602783,
        7.1536641120910645,
        7.0648322105407715,
        7.102528095245361,
        7.103487968444824,
        7.105343818664551,
        7.087103843688965,
        7.067647933959961,
        7.18233585357666,
        7.113728046417236,
        7.226367950439453,
        7.123968124389648,
        7.159808158874512
      ]
    }
  },
  "single_run": {
    "encode": {
      "elapsed_ms": 7.773183822631836
    },
    "context": {
      "elapsed_ms": 1.880895972251892
    },
    "action": {
      "elapsed_ms": 7.159808158874512
    },
    "total_ms": 16.81388795375824
  }
}