{
  "aggregated": {
    "num_runs": 20,
    "input_name": "k8",
    "encode": {
      "median_ms": 7.771136045455933,
      "mean_ms": 7.7850271463394165,
      "std_ms": 0.044413272178992484,
      "cv": 0.0057049604765830484,
      "p10_ms": 7.754911804199219,
      "p90_ms": 7.82305269241333,
      "p99_ms": 7.911408090591431,
      "min_ms": 7.740287780761719,
      "max_ms": 7.915487766265869,
      "all_ms": [
        7.76470422744751,
        7.74886417388916,
        7.772160053253174,
        7.755583763122559,
        7.779327869415283,
        7.7608962059021,
        7.770112037658691,
        7.789440155029297,
        7.783423900604248,
        7.777279853820801,
        7.780416011810303,
        7.767039775848389,
        7.915487766265869,
        7.8151679039001465,
        7.797855854034424,
        7.760799884796143,
        7.7626237869262695,
        7.740287780761719,
        7.894015789031982,
        7.765056133270264
      ]
    },
    "context": {
      "median_ms": 1.9010080099105835,
      "mean_ms": 1.903841596841812,
      "std_ms": 0.01728759116133303,
      "cv": 0.009080372647603958,
      "p10_ms": 1.8798175930976868,
      "p90_ms": 1.9251232028007508,
      "p99_ms": 1.9379507172107697,
      "min_ms": 1.8759679794311523,
      "max_ms": 1.9404799938201904,
      "all_ms": [
        1.9404799938201904,
        1.8761600255966187,
        1.9078079462051392,
        1.8759679794311523,
        1.8995200395584106,
        1.9169280529022217,
        1.9005440473556519,
        1.8944640159606934,
        1.8944000005722046,
        1.896448016166687,
        1.8905919790267944,
        1.8802239894866943,
        1.9045759439468384,
        1.9230719804763794,
        1.9271680116653442,
        1.9014719724655151,
        1.8974720239639282,
        1.9179519414901733,
        1.924896001815796,
        1.9066879749298096
      ]
    },
    "action": {
      "median_ms": 56.71259117126465,
      "mean_ms": 56.82959327697754,
      "std_ms": 0.39387965016877646,
      "cv": 0.006930889831448831,
      "p10_ms": 56.515160751342776,
      "p90_ms": 57.25767707824707,
      "p99_ms": 57.91044521331787,
      "min_ms": 56.36812973022461,
      "max_ms": 57.999359130859375,
      "all_ms": [
        56.36812973022461,
        56.5972785949707,
        56.579071044921875,
        56.37945556640625,
        57.11052703857422,
        57.227264404296875,
        56.6506233215332,
        56.73164749145508,
        56.70780944824219,
        56.86812973022461,
        56.8158073425293,
        57.53139114379883,
        56.7130241394043,
        56.68531036376953,
        56.53023910522461,
        56.553470611572266,
        56.79216003417969,
        57.999359130859375,
        56.712158203125,
        57.03900909423828
      ]
    }
  },
  "single_run": {
    "encode": {
      "elapsed_ms": 7.765056133270264
    },
    "context": {
      "elapsed_ms": 1.9066879749298096
    },
    "action": {
      "elapsed_ms": 57.03900909423828
    },
    "total_ms": 66.71075320243835
  }
}