{
  "aggregated": {
    "num_runs": 20,
    "input_name": "k2",
    "encode": {
      "median_ms": 7.77838397026062,
      "mean_ms": 7.806326413154602,
      "std_ms": 0.09623318338581943,
      "cv": 0.01232758896984565,
      "p10_ms": 7.750451326370239,
      "p90_ms": 7.826387214660645,
      "p99_ms": 8.117555294036865,
      "min_ms": 7.743711948394775,
      "max_ms": 8.142848014831543,
      "all_ms": [
        8.142848014831543,
        7.79366397857666,
        7.784319877624512,
        7.765312194824219,
        7.766016006469727,
        7.776256084442139,
        7.783423900604248,
        7.798719882965088,
        7.7506561279296875,
        7.770112037658691,
        7.774975776672363,
        7.775231838226318,
        7.743711948394775,
        7.748608112335205,
        7.7802557945251465,
        7.776512145996094,
        7.806015968322754,
        8.00972843170166,
        7.799808025360107,
        7.7803521156311035
      ]
    },
    "context": {
      "median_ms": 1.8898879885673523,
      "mean_ms": 1.8949056029319764,
      "std_ms": 0.020031434235038146,
      "cv": 0.01057120428798333,
      "p10_ms": 1.8797568082809448,
      "p90_ms": 1.90617595911026,
      "p99_ms": 1.9565357100963592,
      "min_ms": 1.8767039775848389,
      "max_ms": 1.9629440307617188,
      "all_ms": [
        1.9629440307617188,
        1.9016640186309814,
        1.8851840496063232,
        1.8769919872283936,
        1.8894720077514648,
        1.8954559564590454,
        1.8800640106201172,
        1.8767039775848389,
        1.8820480108261108,
        1.903615951538086,
        1.8821120262145996,
        1.897279977798462,
        1.8874560594558716,
        1.8995200395584106,
        1.8851840496063232,
        1.8903039693832397,
        1.893407940864563,
        1.9292160272598267,
        1.8973759412765503,
        1.8821120262145996
      ]
    },
    "action": {
      "median_ms": 14.208512306213379,
      "mean_ms": 14.228504037857055,
      "std_ms": 0.09983790335247993,
      "cv": 0.007016753348549244,
      "p10_ms": 14.140165996551513,
      "p90_ms": 14.408630561828613,
      "p99_ms": 14.456959848403931,
      "min_ms": 14.113792419433594,
      "max_ms": 14.459872245788574,
      "all_ms": [
        14.459872245788574,
        14.14252758026123,
        14.143327713012695,
        14.241791725158691,
        14.208000183105469,
        14.238719940185547,
        14.262528419494629,
        14.191743850708008,
        14.444543838500977,
        14.150655746459961,
        14.172160148620605,
        14.209024429321289,
        14.118911743164062,
        14.113792419433594,
        14.210240364074707,
        14.196736335754395,
        14.221311569213867,
        14.404640197753906,
        14.17523193359375,
        14.264320373535156
      ]
    }
  },
  "single_run": {
    "encode": {
      "elapsed_ms": 7.7803521156311035
    },
    "context": {
      "elapsed_ms": 1.8821120262145996
    },
    "action": {
      "elapsed_ms": 14.264320373535156
    },
    "total_ms": 23.92678451538086
  }
}