{
  "aggregated": {
    "num_runs": 20,
    "input_name": "k16",
    "encode": {
      "median_ms": 7.838047981262207,
      "mean_ms": 8.055547189712524,
      "std_ms": 0.5181854988339359,
      "cv": 0.06432654252161712,
      "p10_ms": 7.774547338485718,
      "p90_ms": 8.777033710479737,
      "p99_ms": 9.602712059020995,
      "min_ms": 7.759871959686279,
      "max_ms": 9.739487648010254,
      "all_ms": [
        9.01961612701416,
        7.848959922790527,
        8.171520233154297,
        7.770112037658691,
        7.857151985168457,
        7.7811198234558105,
        7.77507209777832,
        7.827136039733887,
        7.804927825927734,
        7.90937614440918,
        9.739487648010254,
        7.931039810180664,
        8.056927680969238,
        7.8021440505981445,
        7.759871959686279,
        8.750080108642578,
        7.822144031524658,
        7.775040149688721,
        7.799808025360107,
        7.909408092498779
      ]
    },
    "context": {
      "median_ms": 1.9225599765777588,
      "mean_ms": 1.9649631977081299,
      "std_ms": 0.09718608167761071,
      "cv": 0.04945949206120778,
      "p10_ms": 1.8892735600471497,
      "p90_ms": 2.0761600494384767,
      "p99_ms": 2.2185212755203243,
      "min_ms": 1.8800640106201172,
      "max_ms": 2.2486720085144043,
      "all_ms": [
        2.2486720085144043,
        1.954848051071167,
        2.056191921234131,
        1.9056320190429688,
        1.9404799938201904,
        2.0142080783843994,
        1.8892799615859985,
        2.0899839401245117,
        1.8944000005722046,
        1.9199999570846558,
        2.0746240615844727,
        1.8995200395584106,
        1.960960030555725,
        1.8892159461975098,
        1.8800640106201172,
        2.067456007003784,
        1.8946880102157593,
        1.903615951538086,
        1.8903039693832397,
        1.9251199960708618
      ]
    },
    "action": {
      "median_ms": 113.1253433227539,
      "mean_ms": 113.35810623168945,
      "std_ms": 0.7658343451988273,
      "cv": 0.006755885138320501,
      "p10_ms": 112.71616668701172,
      "p90_ms": 114.05506286621095,
      "p99_ms": 115.37885154724121,
      "min_ms": 112.52326202392578,
      "max_ms": 115.39558410644531,
      "all_ms": [
        113.43795013427734,
        115.3075180053711,
        112.99324798583984,
        113.60768127441406,
        113.18707275390625,
        112.93599700927734,
        113.43881225585938,
        113.00860595703125,
        113.91590118408203,
        112.87757110595703,
        113.4725112915039,
        115.39558410644531,
        113.06361389160156,
        112.80416107177734,
        112.716796875,
        112.52326202392578,
        113.37200164794922,
        112.71049499511719,
        113.44713592529297,
        112.94620513916016
      ]
    }
  },
  "single_run": {
    "encode": {
      "elapsed_ms": 7.909408092498779
    },
    "context": {
      "elapsed_ms": 1.9251199960708618
    },
    "action": {
      "elapsed_ms": 112.94620513916016
    },
    "total_ms": 122.7807332277298
  }
}