{
  "aggregated": {
    "num_runs": 20,
    "input_name": "k4",
    "encode": {
      "median_ms": 7.813135862350464,
      "mean_ms": 8.29012634754181,
      "std_ms": 1.332691801003444,
      "cv": 0.16075651264333435,
      "p10_ms": 7.772979021072388,
      "p90_ms": 9.054559993743897,
      "p99_ms": 12.812142391204828,
      "min_ms": 7.768191814422607,
      "max_ms": 13.575936317443848,
      "all_ms": [
        13.575936317443848,
        8.998847961425781,
        7.815199851989746,
        7.870463848114014,
        7.797760009765625,
        7.768191814422607,
        7.792799949645996,
        7.7854719161987305,
        7.975840091705322,
        7.777279853820801,
        7.779007911682129,
        7.797760009765625,
        7.811071872711182,
        7.7711358070373535,
        7.838655948638916,
        7.846911907196045,
        7.773183822631836,
        9.555968284606934,
        8.58521556854248,
        7.885824203491211
      ]
    },
    "context": {
      "median_ms": 1.9119359850883484,
      "mean_ms": 2.0224368035793305,
      "std_ms": 0.2944097075961238,
      "cv": 0.1455717711797344,
      "p10_ms": 1.8799904108047485,
      "p90_ms": 2.1709759473800667,
      "p99_ms": 2.9716044807434074,
      "min_ms": 1.8769919872283936,
      "max_ms": 3.0576000213623047,
      "all_ms": [
        3.0576000213623047,
        2.0992960929870605,
        1.9189759492874146,
        1.9486720561981201,
        1.8862080574035645,
        2.1227519512176514,
        1.9100159406661987,
        1.8769919872283936,
        1.947648048400879,
        1.8892159461975098,
        1.8793280124664307,
        1.9466240406036377,
        1.8910720348358154,
        1.913856029510498,
        1.8903039693832397,
        1.8920320272445679,
        1.8800640106201172,
        2.604991912841797,
        2.0039680004119873,
        1.8891199827194214
      ]
    },
    "action": {
      "median_ms": 28.324352264404297,
      "mean_ms": 29.62598876953125,
      "std_ms": 2.7265588773709246,
      "cv": 0.09203267099645447,
      "p10_ms": 28.258834457397462,
      "p90_ms": 34.8451831817627,
      "p99_ms": 36.488121604919435,
      "min_ms": 28.191904067993164,
      "max_ms": 36.53734588623047,
      "all_ms": [
        36.53734588623047,
        29.31305694580078,
        29.091840744018555,
        28.26265525817871,
        28.22444725036621,
        28.30745506286621,
        28.265695571899414,
        28.283903121948242,
        28.460031509399414,
        28.294368743896484,
        28.692480087280273,
        28.3187198638916,
        28.329984664916992,
        28.615680694580078,
        28.191904067993164,
        28.312576293945312,
        36.27827072143555,
        34.685951232910156,
        29.77359962463379,
        28.279808044433594
      ]
    }
  },
  "single_run": {
    "encode": {
      "elapsed_ms": 7.885824203491211
    },
    "context": {
      "elapsed_ms": 1.8891199827194214
    },
    "action": {
      "elapsed_ms": 28.279808044433594
    },
    "total_ms": 38.054752230644226
  }
}