{
  "aggregated": {
    "num_runs": 20,
    "input_name": "multi_image",
    "encode": {
      "median_ms": 591.4812927246094,
      "mean_ms": 593.7572265625,
      "std_ms": 21.568706209978483,
      "cv": 0.03632579991463585,
      "p10_ms": 569.8544189453125,
      "p90_ms": 628.8879760742187,
      "p99_ms": 636.5139764404297,
      "min_ms": 567.75439453125,
      "max_ms": 637.3359375,
      "all_ms": [
        587.1895141601562,
        592.0542602539062,
        568.6112060546875,
        567.75439453125,
        628.4299926757812,
        633.0098266601562,
        637.3359375,
        602.6277465820312,
        591.185546875,
        591.7770385742188,
        624.9141845703125,
        591.794677734375,
        592.3333740234375,
        591.8914184570312,
        590.7112426757812,
        590.1010131835938,
        569.9925537109375,
        581.2969970703125,
        571.6525268554688,
        570.4810791015625
      ]
    },
    "prefill": {
      "median_ms": 334.1130065917969,
      "mean_ms": 329.5649688720703,
      "std_ms": 9.569687057251647,
      "cv": 0.02903733090930057,
      "p10_ms": 319.89268798828124,
      "p90_ms": 340.0723052978516,
      "p99_ms": 340.2999557495117,
      "min_ms": 310.5044860839844,
      "max_ms": 340.3028259277344,
      "all_ms": [
        317.9021301269531,
        333.2186584472656,
        336.5313415527344,
        335.9405517578125,
        337.3205261230469,
        320.1138610839844,
        335.0073547363281,
        320.3440246582031,
        322.3902587890625,
        338.4129333496094,
        310.5044860839844,
        339.2165222167969,
        320.8554992675781,
        337.18231201171875,
        340.3028259277344,
        321.0489807128906,
        322.2962341308594,
        340.2877197265625,
        340.0483703613281,
        322.3747863769531
      ]
    },
    "decode": {
      "median_ms": 356.77654361724854,
      "mean_ms": 419.8591344833374,
      "std_ms": 169.8348101956554,
      "cv": 0.4045042640423856,
      "p10_ms": 265.7041305541992,
      "p90_ms": 708.6357683181762,
      "p99_ms": 712.3409586334228,
      "min_ms": 236.37376022338867,
      "max_ms": 712.7428169250488,
      "all_ms": [
        306.1333122253418,
        365.73241233825684,
        303.97209548950195,
        607.518461227417,
        360.9735336303711,
        339.1721611022949,
        462.5907917022705,
        354.30316734313965,
        423.24512100219727,
        268.58956718444824,
        712.7428169250488,
        271.2015380859375,
        710.6277732849121,
        706.0266571044922,
        708.4144344329834,
        353.9148464202881,
        359.2499198913574,
        236.37376022338867,
        239.735200881958,
        306.6651191711426
      ]
    }
  },
  "single_run": {
    "encode": {
      "elapsed_ms": 725.9824829101562
    },
    "prefill": {
      "elapsed_ms": 340.7917175292969
    },
    "decode": {
      "elapsed_ms": 446.0721206665039,
      "step_count": 13,
      "ms_per_token": 34.31324005126953
    },
    "total_ms": 1512.846321105957
  }
}