{
  "aggregated": {
    "num_runs": 20,
    "input_name": "single_image",
    "encode": {
      "median_ms": 280.0624694824219,
      "mean_ms": 280.59058990478513,
      "std_ms": 21.642176337832254,
      "cv": 0.07713079880966875,
      "p10_ms": 256.4001495361328,
      "p90_ms": 292.52014160156256,
      "p99_ms": 338.899631652832,
      "min_ms": 256.24053955078125,
      "max_ms": 341.3544921875,
      "all_ms": [
        288.5296936035156,
        282.1661071777344,
        280.0050354003906,
        281.5629577636719,
        281.9345703125,
        257.3628234863281,
        257.52569580078125,
        256.40863037109375,
        279.9615783691406,
        256.24053955078125,
        256.3238220214844,
        283.1501770019531,
        280.46893310546875,
        341.3544921875,
        281.5133972167969,
        279.7884521484375,
        279.7929992675781,
        328.4341735839844,
        279.1678161621094,
        280.1199035644531
      ]
    },
    "prefill": {
      "median_ms": 166.8866729736328,
      "mean_ms": 159.85236358642578,
      "std_ms": 11.381208827171914,
      "cv": 0.07119825176071638,
      "p10_ms": 147.22627868652344,
      "p90_ms": 170.8308563232422,
      "p99_ms": 171.72629150390625,
      "min_ms": 138.9944610595703,
      "max_ms": 171.8851776123047,
      "all_ms": [
        166.2760009765625,
        148.38009643554688,
        147.79344177246094,
        147.42965698242188,
        167.49734497070312,
        168.02703857421875,
        138.9944610595703,
        151.78933715820312,
        147.62115478515625,
        167.95574951171875,
        154.48634338378906,
        170.80662536621094,
        150.5879364013672,
        170.0504913330078,
        171.8851776123047,
        145.3958740234375,
        170.07411193847656,
        171.04893493652344,
        170.5484161376953,
        170.39907836914062
      ]
    },
    "decode": {
      "median_ms": 2946.529097557068,
      "mean_ms": 2786.174773979187,
      "std_ms": 273.74778652297255,
      "cv": 0.09825219475805126,
      "p10_ms": 2338.232078742981,
      "p90_ms": 2971.3335302352907,
      "p99_ms": 3026.396469326019,
      "min_ms": 2331.1051807403564,
      "max_ms": 3029.0584259033203,
      "all_ms": [
        3015.0481281280518,
        2947.702646255493,
        2958.7821369171143,
        2958.4239292144775,
        2512.900161743164,
        2368.371295928955,
        2422.3035202026367,
        2331.2226486206055,
        2937.118299484253,
        2331.1051807403564,
        2339.010904312134,
        2963.002145767212,
        2957.7345962524414,
        3029.0584259033203,
        2953.595037460327,
        2966.4763526916504,
        2951.7293376922607,
        2923.499879837036,
        2911.0553035736084,
        2945.3555488586426
      ]
    }
  },
  "single_run": {
    "encode": {
      "elapsed_ms": 362.0710144042969
    },
    "prefill": {
      "elapsed_ms": 151.0141143798828
    },
    "decode": {
      "elapsed_ms": 4487.021377563477,
      "step_count": 127,
      "ms_per_token": 35.33087698868879
    },
    "total_ms": 5000.106506347656
  }
}