{
  "aggregated": {
    "num_runs": 20,
    "input_name": "text_only",
    "prefill": {
      "median_ms": 19.63713550567627,
      "mean_ms": 19.640372657775877,
      "std_ms": 0.01661379994067799,
      "cv": 0.000845900443447053,
      "p10_ms": 19.62361259460449,
      "p90_ms": 19.658252143859862,
      "p99_ms": 19.686310024261473,
      "min_ms": 19.6167049407959,
      "max_ms": 19.691648483276367,
      "all_ms": [
        19.691648483276367,
        19.63724708557129,
        19.620704650878906,
        19.6167049407959,
        19.63315200805664,
        19.657663345336914,
        19.63702392578125,
        19.64112091064453,
        19.663551330566406,
        19.64406394958496,
        19.634111404418945,
        19.651647567749023,
        19.644479751586914,
        19.631103515625,
        19.631168365478516,
        19.643360137939453,
        19.62393569946289,
        19.63644790649414,
        19.631071090698242,
        19.63724708557129
      ]
    },
    "decode": {
      "median_ms": 123.34860801696777,
      "mean_ms": 123.36008024215698,
      "std_ms": 0.08593230435050432,
      "cv": 0.0006965973447959697,
      "p10_ms": 123.28845615386963,
      "p90_ms": 123.38924522399903,
      "p99_ms": 123.63908496856689,
      "min_ms": 123.2731876373291,
      "max_ms": 123.69417572021484,
      "all_ms": [
        123.38758087158203,
        123.33232116699219,
        123.27958297729492,
        123.28944206237793,
        123.35382461547852,
        123.33712005615234,
        123.34179306030273,
        123.37881278991699,
        123.32358741760254,
        123.37372779846191,
        123.37587356567383,
        123.69417572021484,
        123.31526184082031,
        123.40422439575195,
        123.33126449584961,
        123.34956932067871,
        123.2731876373291,
        123.34764671325684,
        123.35206413269043,
        123.36054420471191
      ]
    }
  },
  "single_run": {
    "prefill": {
      "elapsed_ms": 30.431808471679688
    },
    "decode": {
      "elapsed_ms": 193.10576057434082,
      "step_count": 7,
      "ms_per_token": 27.586537224905832
    },
    "total_ms": 223.5375690460205
  }
}